date,equity,turnover,gross_ret,net_ret
2022-02-07,1018378.8836506951,1.0,0.020378883650695068,0.018378883650695066
2022-02-08,1026953.212323411,0.6666666666666666,0.009752919413102227,0.008419586079768893
2022-02-09,1022014.0685351484,0.49999999999999994,-0.003809511990413054,-0.0048095119904130535
2022-02-10,1023371.3377560503,0.5,0.002328033793945009,0.0013280337939450089
2022-02-11,1028287.9728824451,0.6666666666666666,0.006137684349432293,0.00480435101609896
2022-02-14,1049460.8636708432,0.6666666666666667,0.02192376261653036,0.02059042928319703
2022-02-15,1048650.6910626984,0.8333333333333334,0.0008946773184303296,-0.0007719893482363372
2022-02-16,1051105.2911881756,0.8333333333333335,0.004007389031508435,0.002340722364841768
2022-02-17,1046015.2621097614,0.8333333333333334,-0.0031758825252038783,-0.004842549191870545
2022-02-18,1045861.1235146159,0.8333333333333334,0.0015193087831549454,-0.00014735788351172134
2022-02-21,1045279.8663470612,0.6666666666666667,0.0007775643555159011,-0.0005557689778174324
2022-02-22,1060802.3668976338,0.8333333333333334,0.016516757106865176,0.01485009044019851
2022-02-23,1062831.8038114621,0.3333333333333333,0.002579781660709897,0.0019131149940432306
2022-02-24,1052625.132500013,0.6666666666666667,-0.008269946578734217,-0.009603279912067551
2022-02-25,1036471.9372717977,0.5,-0.014345629445357295,-0.015345629445357296
2022-02-28,1044108.9628172008,0.8333333333333334,0.00903495641072416,0.007368289744057493
2022-03-01,1029850.872480013,0.6666666666666666,-0.012322416061554412,-0.013655749394887746
2022-03-02,1031600.8320905659,0.8333333333333333,0.0033659026020004612,0.0016992359353337947
2022-03-03,999248.8482829407,0.6666666666666667,-0.030027618307295976,-0.03136095164062931
2022-03-04,989089.0640307858,0.49999999999999994,-0.009167421528293822,-0.010167421528293821
2022-03-07,975347.8640010644,0.6666666666666667,-0.012559449965394638,-0.013892783298727972
2022-03-08,954820.321523335,0.8333333333333334,-0.019379714050795117,-0.021046380717461784
2022-03-09,956799.0675901485,0.49999999999999994,0.00307237531733384,0.00207237531733384
2022-03-10,955105.7550846215,0.5,-0.0007697681392937472,-0.0017697681392937472
2022-03-11,970261.1524853888,0.6666666666666666,0.017201102237547044,0.01586776890421371
2022-03-14,968141.1654433198,0.49999999999999994,-0.001184965394768792,-0.002184965394768792
2022-03-15,970268.1049095088,0.6666666666666666,0.003530264464977802,0.002196931131644469
2022-03-16,978243.0212846317,1.0,0.01021929148734261,0.00821929148734261
2022-03-17,942090.2893243772,0.6666666666666667,-0.035623466943941993,-0.036956800277275326
2022-03-18,909514.8897650524,0.49999999999999994,-0.03357778933554911,-0.034577789335549114
2022-03-21,898708.4533822308,0.8333333333333334,-0.010214872057359159,-0.011881538724025826
2022-03-22,892389.5137627161,0.6666666666666666,-0.0056978007299258344,-0.0070311340632591675
2022-03-23,905844.2272966893,0.5,0.01607717574721601,0.01507717574721601
2022-03-24,926729.0690766838,0.3333333333333333,0.0237223324761416,0.023055665809474934
2022-03-25,964092.1222191366,0.3333333333333333,0.04098379320255725,0.040317126535890584
2022-03-28,970864.8182931525,0.3333333333333333,0.00769161367943405,0.007024947012767383
2022-03-29,965910.0793233695,0.49999999999999994,-0.004103428280050059,-0.005103428280050059
2022-03-30,938370.891762257,0.49999999999999994,-0.027511129711374444,-0.028511129711374445
2022-03-31,927127.3592435431,0.6666666666666666,-0.01064863735375665,-0.011981970687089984
2022-04-01,935613.3221204262,0.3333333333333333,0.009819630164375145,0.009152963497708479
2022-04-04,958483.5989221038,0.6666666666666666,0.02577748805084575,0.024444154717512417
2022-04-05,986004.1825556047,0.6666666666666666,0.03004596197345847,0.028712628640125137
2022-04-06,1000658.5375383707,0.49999999999999994,0.01586236594330015,0.01486236594330015
2022-04-07,1031815.0146217422,0.49999999999999994,0.032135972876438615,0.031135972876438614
2022-04-08,1023541.659661988,0.49999999999999994,-0.007018254088681914,-0.008018254088681913
2022-04-11,1040302.3782720659,0.8333333333333335,0.018041885449273945,0.016375218782607278
2022-04-12,1063068.576248229,0.5,0.022884212178749065,0.021884212178749064
2022-04-13,1035164.4551589601,0.3333333333333333,-0.025581989076453704,-0.02624865574312037
2022-04-14,1058224.521454725,0.8333333333333334,0.02394338432330582,0.022276717656639154
2022-04-15,1061882.8457056559,0.6666666666666667,0.004790373098299067,0.003457039764965734
2022-04-18,1039189.674607435,0.49999999999999994,-0.02037069187057113,-0.02137069187057113
2022-04-19,1001772.2053967067,0.6666666666666667,-0.034673057150543585,-0.03600639048387692
2022-04-20,1022889.8571748494,0.8333333333333335,0.022746959835491316,0.02108029316882465
2022-04-21,1000349.9156350999,0.6666666666666666,-0.020702217592944473,-0.022035550926277805
2022-04-22,995510.9273329505,0.8333333333333334,-0.003170628990100788,-0.004837295656767455
2022-04-25,971126.4766826574,0.6666666666666666,-0.023161074493631396,-0.02449440782696473
2022-04-26,971575.791879953,0.8333333333333334,0.002129340899203729,0.00046267423253706203
2022-04-27,979353.5825342161,0.8333333333333334,0.009672002657195403,0.008005335990528736
2022-04-28,969521.712966342,0.6666666666666666,-0.008705808548838363,-0.010039141882171696
2022-04-29,962350.080065043,0.6666666666666667,-0.00606374999691702,-0.007397083330250354
2022-05-02,963135.4189621947,1.0,0.0028160636273846986,0.0008160636273846986
2022-05-03,992788.4622006537,0.8333333333333334,0.03245469777283342,0.030788031106166753
2022-05-04,983283.024951365,0.8333333333333334,-0.00790781733591602,-0.009574484002582687
2022-05-05,986258.1641128893,0.6666666666666666,0.004359053381405519,0.003025720048072186
2022-05-06,959594.9229577548,0.6666666666666667,-0.025701414895207123,-0.027034748228540455
2022-05-09,962841.9778071179,1.0,0.005383776603730496,0.003383776603730496
2022-05-10,969880.9001388953,0.49999999999999994,0.008310568602138154,0.007310568602138154
2022-05-11,972540.2130738206,0.8333333333333334,0.004408563052650104,0.002741896385983437
2022-05-12,973621.7467558921,0.6666666666666667,0.0024454042457053844,0.001112070912372051
2022-05-13,966177.5347119396,0.6666666666666666,-0.0063125641301904345,-0.007645897463523768
2022-05-16,997248.4663024036,0.49999999999999994,0.03315861523806554,0.03215861523806554
2022-05-17,1012115.9015100595,0.6666666666666666,0.016241789660953757,0.014908456327620423
2022-05-18,1036397.2701457995,0.3333333333333333,0.024657366347911415,0.02399069968124475
2022-05-19,1041487.7106898848,0.6666666666666666,0.006245002526913105,0.004911669193579772
2022-05-20,1038628.8184786302,0.6666666666666666,-0.0014116747756542187,-0.002745008108987552
2022-05-23,1024135.6338564188,0.6666666666666666,-0.01262081887615459,-0.013954152209487924
2022-05-24,1034338.8325684227,0.6666666666666666,0.011296074961200922,0.009962741627867588
2022-05-25,1045862.8073130456,0.6666666666666666,0.01247472567186447,0.011141392338531135
2022-05-26,1044608.7260073562,0.3333333333333333,-0.0005324211074853764,-0.001199087774152043
2022-05-27,1040249.0775077268,0.3333333333333333,-0.0035068084260530723,-0.004173475092719739
2022-05-30,1018971.1155392696,0.49999999999999994,-0.01945467996898964,-0.020454679968989642
2022-05-31,1029428.0221373147,0.6666666666666667,0.011595554154490689,0.010262220821157355
2022-06-01,1034267.5959585956,0.6666666666666666,0.006034559370713697,0.004701226037380364
2022-06-02,1049458.3084742033,1.0,0.016687410274638305,0.014687410274638305
2022-06-03,1061640.7248086338,0.6666666666666667,0.012941623282595035,0.011608289949261701
2022-06-06,1047412.637466136,0.49999999999999994,-0.01240197960573005,-0.013401979605730049
2022-06-07,1051500.1037146742,0.6666666666666666,0.005235774551177,0.003902441217843667
2022-06-08,1044740.0676783931,1.0,-0.004428944716600233,-0.006428944716600233
2022-06-09,1045079.6574932035,0.8333333333333334,0.001991713848560561,0.000325047181893894
2022-06-10,1023008.078645632,0.8333333333333334,-0.01945285153399741,-0.021119518200664076
2022-06-13,1015287.085497379,1.1666666666666665,-0.005214009947156632,-0.007547343280489965
2022-06-14,1002945.7205443511,0.8333333333333334,-0.010488875474383857,-0.012155542141050524
2022-06-15,982823.0597233156,0.8333333333333334,-0.01839689251589201,-0.020063559182558678
2022-06-16,969139.0839433554,0.8333333333333334,-0.012256465930377361,-0.013923132597044028
2022-06-17,947164.4745834697,0.8333333333333334,-0.02100769424185496,-0.022674360908521627
2022-06-20,953574.4646483844,0.8333333333333334,0.00843422418906381,0.006767557522397143
2022-06-21,977022.996482768,0.49999999999999994,0.02559014235771288,0.02459014235771288
2022-06-22,975037.5360508278,0.8333333333333333,-0.00036548655704223476,-0.0020321532237089013
2022-06-23,983998.9548874836,0.8333333333333334,0.010857511639622413,0.009190844972955746
2022-06-24,1002091.1830033668,0.49999999999999994,0.01938643021521491,0.01838643021521491
2022-06-27,992199.2497642831,0.49999999999999994,-0.008871290564034903,-0.009871290564034902
2022-06-28,994257.6618139177,1.0,0.004074595450584825,0.002074595450584825
2022-06-29,988881.5867638425,0.8333333333333335,-0.0037404579214075358,-0.005407124588074203
2022-06-30,977638.346471782,1.1666666666666665,-0.009036319456799575,-0.011369652790132908
2022-07-01,999364.0393920894,1.4999999999999998,0.025222627619623905,0.022222627619623906
2022-07-04,1001231.7794184302,1.1666666666666665,0.004202261924637131,0.0018689285913037982
2022-07-05,996014.2123616824,0.49999999999999994,-0.004211148071806484,-0.005211148071806484
2022-07-06,978885.6022449132,0.6666666666666666,-0.015863820988546294,-0.017197154321879626
2022-07-07,1000163.2311197236,1.0,0.0237365837499434,0.021736583749943403
2022-07-08,997919.7923156174,0.6666666666666666,-0.0009097393315101385,-0.0022430726648434715
2022-07-11,1021960.8970755824,1.0,0.026091219499894715,0.024091219499894713
2022-07-12,1017552.5567649184,0.8333333333333334,-0.0026469429081016718,-0.004313609574768338
2022-07-13,1023630.2884084304,0.49999999999999994,0.006972892115602036,0.005972892115602036
2022-07-14,1024591.6346959552,0.6666666666666667,0.002272487145418721,0.0009391538120853875
2022-07-15,1048621.973011463,0.8333333333333334,0.025120243195855037,0.02345357652918837
2022-07-18,1056975.3237469292,0.49999999999999994,0.008966026795601835,0.007966026795601835
2022-07-19,1066984.6481825141,0.49999999999999994,0.010469780619004686,0.009469780619004687
2022-07-20,1077823.516852387,0.49999999999999994,0.011158411077737334,0.010158411077737335
2022-07-21,1036622.8513069563,0.6666666666666667,-0.036892466068177976,-0.03822579940151131
2022-07-22,1020652.451439683,0.49999999999999994,-0.014406181570412109,-0.015406181570412108
2022-07-25,1026310.6976964711,1.0,0.0075437541435449465,0.0055437541435449465
2022-07-26,1021525.8590479307,0.8333333333333334,-0.002995506941461852,-0.004662173608128518
2022-07-27,1023932.0599441945,0.6666666666666666,0.003688830137404804,0.0023554968040714703
2022-07-28,1035005.0557073897,0.8333333333333334,0.01248085658840684,0.010814189921740174
2022-07-29,1003087.2697627841,0.8333333333333334,-0.029171623222449775,-0.03083828988911644
2022-08-01,963743.9618338564,0.8333333333333334,-0.03755555169348838,-0.03922221836015504
2022-08-02,974785.0603234952,0.8333333333333334,0.013123131170609405,0.011456464503942738
2022-08-03,966286.7168666173,0.8333333333333334,-0.007051504961915311,-0.008718171628581978
2022-08-04,975006.5109300073,0.8333333333333333,0.010690690190104712,0.009024023523438045
2022-08-05,975036.3401070547,0.8333333333333334,0.0016972604901058386,3.0593823439171866e-05
2022-08-08,983049.5999064695,0.6666666666666666,0.009551755016503625,0.008218421683170291
2022-08-09,972416.2658865937,0.3333333333333333,-0.010150014425403787,-0.010816681092070454
2022-08-10,951637.7661849373,0.6666666666666666,-0.020034573015612615,-0.021367906348945948
2022-08-11,939478.4747807009,0.8333333333333335,-0.011110559959155957,-0.012777226625822624
2022-08-12,965162.9764323931,0.8333333333333334,0.029005772714506252,0.027339106047839585
2022-08-15,973825.0509740373,1.0,0.010974727329121636,0.008974727329121636
2022-08-16,978854.333681454,0.6666666666666667,0.006497795576717147,0.005164462243383813
2022-08-17,969458.3585965098,0.8333333333333334,-0.007932284639608008,-0.009598951306274675
2022-08-18,976929.6135317095,0.8333333333333335,0.009373294670798579,0.007706628004131912
2022-08-19,991550.4547983191,0.6666666666666666,0.01629944866456349,0.014966115331230155
2022-08-22,1030074.0935375605,0.49999999999999994,0.03985191979169341,0.03885191979169341
2022-08-23,1027725.3518596297,0.8333333333333334,-0.0006135010345368714,-0.0022801677012035384
2022-08-24,1030846.9834442631,0.6666666666666666,0.004370751432424713,0.00303741809909138
2022-08-25,1016880.9195885306,0.8333333333333334,-0.011881477800972224,-0.013548144467638891
2022-08-26,1027533.5949756935,1.0,0.01247583368116841,0.01047583368116841
2022-08-29,1047617.4952021758,0.6666666666666666,0.0208790691853639,0.01954573585203057
2022-08-30,1045656.927584303,0.6666666666666666,-0.0005381203478544254,-0.0018714536811877587
2022-08-31,1040978.5706343595,0.49999999999999994,-0.0034740840198434313,-0.004474084019843431
2022-09-01,1046925.2600549727,0.49999999999999994,0.006712595425465427,0.005712595425465427
2022-09-02,1044413.6778678512,0.6666666666666667,-0.0010656747744561823,-0.002399008107789516
2022-09-05,1041546.3011049437,0.8333333333333334,-0.00107877493723992,-0.0027454416039065866
2022-09-06,1042139.2672392216,0.6666666666666666,0.0019026466069236294,0.0005693132735902961
2022-09-07,1021426.1389809536,0.8333333333333334,-0.018208918976641973,-0.01987558564330864
2022-09-08,1019899.3379662468,0.6666666666666667,-0.00016144045053523358,-0.001494773783868567
2022-09-09,1044901.2595065776,0.8333333333333334,0.026180773706079446,0.02451410703941278
2022-09-12,1065893.7778519443,0.8333333333333334,0.02175709928350522,0.020090432616838554
2022-09-13,1047828.245964995,0.6666666666666667,-0.015615383567290753,-0.016948716900624085
2022-09-14,1038453.5842644569,0.8333333333333334,-0.007280087476140875,-0.008946754142807541
2022-09-15,1038093.2879995945,0.6666666666666666,0.0009863787170443237,-0.00034695461628900964
2022-09-16,1021832.7983996216,0.3333333333333333,-0.014997137143592782,-0.01566380381025945
2022-09-19,1019323.9935191382,0.49999999999999994,-0.0014552009726177164,-0.0024552009726177162
2022-09-20,1014148.2202598139,0.8333333333333334,-0.003410986064193988,-0.005077652730860655
2022-09-21,1009871.0564555833,0.8333333333333334,-0.0025508271067137627,-0.004217493773380429
2022-09-22,970713.6976404105,0.6666666666666666,-0.03744127909353049,-0.03877461242686382
2022-09-23,976979.6235693607,1.1666666666666665,0.008788301409071051,0.006454968075737718
2022-09-26,992490.9192086202,0.8333333333333334,0.0175434518779994,0.015876785211332733
2022-09-27,981913.34502698,0.8333333333333334,-0.008990936316818946,-0.010657602983485613
2022-09-28,1009802.3789503692,0.49999999999999994,0.02940274456461626,0.02840274456461626
2022-09-29,997385.4421221596,0.6666666666666667,-0.01096306949463018,-0.012296402827963513
2022-09-30,1002737.577706877,0.8333333333333334,0.007032832402281844,0.005366165735615177
2022-10-03,1006953.0993855656,0.8333333333333334,0.005870679533451696,0.004204012866785029
2022-10-04,1023249.5206025066,1.0,0.018183893000463486,0.016183893000463488
2022-10-05,991214.3024264737,0.8333333333333334,-0.029640670919155013,-0.03130733758582168
2022-10-06,1010686.9719900637,0.6666666666666667,0.02097860027098878,0.019645266937655448
2022-10-07,964715.554821984,0.3333333333333333,-0.04481865019416217,-0.04548531686082884
2022-10-10,977509.840705261,0.8333333333333334,0.014928903208128785,0.013262236541462118
2022-10-11,968694.0331184935,0.3333333333333333,-0.008351971529759972,-0.009018638196426638
2022-10-12,988192.5154614566,0.8333333333333334,0.02179529518747218,0.020128628520805512
2022-10-13,972818.2618103056,0.8333333333333334,-0.013891287285222594,-0.015557953951889261
2022-10-14,990300.3852906105,1.333333333333333,0.020637262169029683,0.017970595502363018
2022-10-17,981943.9230649238,0.49999999999999994,-0.007438310587180473,-0.008438310587180472
2022-10-18,989761.9290510878,0.6666666666666666,0.009295097546672348,0.007961764213339015
2022-10-19,978648.848188934,0.6666666666666667,-0.009894700940331031,-0.011228034273664365
2022-10-20,984550.4928708844,0.8333333333333334,0.007697067349068535,0.006030400682401868
2022-10-21,975952.4860551913,1.0,-0.006732926221611958,-0.008732926221611958
2022-10-24,991343.7355959876,1.0,0.017770490634239668,0.015770490634239666
2022-10-25,994461.2110997052,0.8333333333333334,0.0048113634976233825,0.0031446968309567155
2022-10-26,999123.7166365397,1.1666666666666665,0.0070218073379437,0.0046884740046103665
2022-10-27,997629.6199096027,1.0,0.0005045928726758282,-0.0014954071273241719
2022-10-28,982544.9968220376,0.8333333333333334,-0.013453797668516065,-0.015120464335182732
2022-10-31,996051.4805225424,0.8333333333333334,0.015413094305289178,0.013746427638622511
2022-11-01,995076.4007248285,1.0,0.0010210548181683139,-0.0009789451818316862
2022-11-02,978014.2682661639,0.6666666666666666,-0.01581322189221142,-0.017146555225544754
2022-11-03,981031.795005882,0.8333333333333334,0.004752027317966425,0.0030853606512997577
2022-11-04,956122.4432408778,1.4999999999999998,-0.02239097294482173,-0.02539097294482173
2022-11-07,946401.6459600582,1.0,-0.0081668958296491,-0.0101668958296491
2022-11-08,949572.6454353976,1.4999999999999996,0.006350585334329898,0.0033505853343298985
2022-11-09,964914.0670918961,0.8333333333333334,0.017822799354612805,0.016156132687946138
2022-11-10,953127.3632161892,1.0,-0.01021528867459683,-0.01221528867459683
2022-11-11,937650.7288163255,0.8333333333333334,-0.014571073426787352,-0.01623774009345402
2022-11-14,931181.4072542328,1.0,-0.004899500382471373,-0.006899500382471373
2022-11-15,941529.8355144401,1.0,0.0131132247482492,0.0111132247482492
2022-11-16,912405.9349744454,1.0,-0.028932530697852878,-0.03093253069785288
2022-11-17,926533.8571994574,1.0,0.01748425068651886,0.015484250686518859
2022-11-18,907929.7258632302,0.8333333333333334,-0.018412611809416262,-0.02007927847608293
2022-11-21,889735.3538672591,0.6666666666666666,-0.018706072226025862,-0.020039405559359194
2022-11-22,885785.5705220473,1.0,-0.0024392788575208586,-0.004439278857520859
2022-11-23,887684.3678508099,0.6666666666666666,0.0034769642435135135,0.00214363091018018
2022-11-24,890979.922076263,0.49999999999999994,0.004712529300737733,0.0037125293007377333
2022-11-25,894687.2870684101,0.5,0.005160997234940752,0.004160997234940752
2022-11-28,897261.9913936409,0.6666666666666666,0.0042111034351834204,0.0028777701018500874
2022-11-29,907873.485329799,0.8333333333333335,0.01349319452357071,0.011826527856904042
2022-11-30,918701.4131525104,0.49999999999999994,0.012926692427610577,0.011926692427610578
2022-12-01,917020.9498192178,1.0,0.00017082752977804014,-0.00182917247022196
2022-12-02,912667.456476884,0.3333333333333333,-0.004080763959855091,-0.004747430626521758
2022-12-05,911691.967440708,0.3333333333333333,-0.0004021662683232714,-0.001068832934989938
2022-12-06,896217.0504893181,0.49999999999999994,-0.01597384369287676,-0.016973843692876762
2022-12-07,899079.2659308914,0.8333333333333333,0.004860329898146887,0.00319366323148022
2022-12-08,897242.1550722837,0.49999999999999994,-0.001043324685844634,-0.0020433246858446337
2022-12-09,909314.1780414266,0.8333333333333334,0.015121254038534225,0.013454587371867558
2022-12-12,928703.3573720412,0.6666666666666666,0.022656193791065274,0.02132286045773194
2022-12-13,913186.9174008883,1.0,-0.014707638502632275,-0.016707638502632273
2022-12-14,914156.4521090433,0.8333333333333334,0.002728371219897033,0.0010617045532303664
2022-12-15,888328.2429137218,1.0,-0.02625359831540145,-0.028253598315401453
2022-12-16,874075.0852429292,1.333333333333333,-0.013378255674248921,-0.016044922340915587
2022-12-19,851635.2969750224,1.1666666666666665,-0.023339276087481098,-0.02567260942081443
2022-12-20,835223.3469008465,1.0,-0.017271101294733304,-0.019271101294733306
2022-12-21,857794.310093763,1.0,0.029023865265102776,0.027023865265102774
2022-12-22,842367.0630833518,0.8333333333333334,-0.016318119229995265,-0.017984785896661932
2022-12-23,865707.2058710793,0.8333333333333334,0.029374472219147123,0.027707805552480456
2022-12-26,871373.7991278621,0.5,0.007545623298908472,0.006545623298908472
2022-12-27,869996.4938249716,1.333333333333333,0.0010860530376259154,-0.0015806136290407507
2022-12-28,872125.7663095719,1.1666666666666665,0.00478078283423744,0.0024474495009041072
2022-12-29,875603.6880855181,0.6666666666666667,0.005321200577140436,0.003987867243807102
2022-12-30,878118.7289109656,0.8333333333333334,0.0045390173199017295,0.0028723506532350625
2023-01-02,896345.876606278,0.49999999999999994,0.021757042408055243,0.020757042408055242
2023-01-03,870037.2527137713,0.8333333333333334,-0.027684306634081647,-0.029350973300748314
2023-01-04,841960.0103046184,1.0,-0.030271310592248742,-0.03227131059224874
2023-01-05,835720.6844360571,1.0,-0.00541047768563733,-0.00741047768563733
2023-01-06,834767.3225394726,1.0,0.0008592338153890671,-0.001140766184610933
2023-01-09,824088.5417106922,1.0,-0.010792523785303636,-0.012792523785303636
2023-01-10,811190.8998017422,1.5,-0.012650796311493908,-0.01565079631149391
2023-01-11,799242.6546345389,1.1666666666666665,-0.012395930974394249,-0.014729264307727582
2023-01-12,794201.9157860458,1.0,-0.004306894181965281,-0.006306894181965281
2023-01-13,808231.1501699851,0.6666666666666666,0.018997902135152733,0.0176645688018194
2023-01-16,796649.7289521089,1.1666666666666665,-0.011996009473412615,-0.014329342806745948
2023-01-17,763791.9592867631,0.8333333333333334,-0.03957827257227094,-0.0412449392389376
2023-01-18,753125.3026204087,0.8333333333333334,-0.012298728669931275,-0.013965395336597942
2023-01-19,733845.4920482582,1.0,-0.023599738191066866,-0.025599738191066868
2023-01-20,744231.5682445939,1.3333333333333333,0.016819613450255618,0.014152946783588952
2023-01-23,749338.9625538951,0.6666666666666666,0.008195974649863139,0.006862641316529806
2023-01-24,754821.0966813087,0.5,0.00831596033486548,0.00731596033486548
2023-01-25,765668.2241202426,1.0,0.016370461406848648,0.014370461406848648
2023-01-26,757157.9742277827,1.0,-0.009114800933835689,-0.011114800933835689
2023-01-27,752982.0440590858,1.1666666666666665,-0.0031819360171029634,-0.005515269350436296
2023-01-30,788392.197815587,0.8333333333333334,0.04869322465152437,0.047026557984857706
2023-01-31,742942.6034955482,0.8333333333333334,-0.05598179110088463,-0.057648457767551294
2023-02-01,749967.6771669904,0.6666666666666667,0.010789075457138104,0.00945574212380477
2023-02-02,747479.7973467198,0.6666666666666667,-0.001983982727098139,-0.0033173160604314726
2023-02-03,752581.4775281899,1.0,0.008825174673053658,0.006825174673053658
2023-02-06,769948.9460616854,1.0,0.025077193702053226,0.023077193702053224
2023-02-07,757795.4860135663,0.6666666666666666,-0.014451427604758113,-0.015784760938091447
2023-02-08,758804.2326332963,0.8333333333333334,0.002997826113177263,0.0013311594465105962
2023-02-09,751941.0224993242,1.1666666666666665,-0.00671143716057195,-0.009044770493905282
2023-02-10,752417.4361026789,1.1666666666666665,0.002966911751187462,0.000633578417854129
2023-02-13,762145.2165482983,0.8333333333333333,0.014595368181090196,0.012928701514423529
2023-02-14,770847.0713990524,1.0,0.013417581140460728,0.011417581140460728
2023-02-15,780726.4812350919,0.8333333333333334,0.014482969929139848,0.012816303262473181
2023-02-16,781917.3603193357,0.8333333333333334,0.00319201403590134,0.0015253473692346732
2023-02-17,769850.7812732547,0.49999999999999994,-0.014432038804143007,-0.015432038804143006
2023-02-20,754640.6797032264,1.0,-0.01775720742255049,-0.019757207422550493
2023-02-21,772651.0861727411,1.0,0.025866201430590152,0.02386620143059015
2023-02-22,774099.098122096,1.0,0.0038740825907945062,0.0018740825907945062
2023-02-23,799298.6441795216,1.1666666666666665,0.034886718447148336,0.032553385113815
2023-02-24,795080.501713177,0.8333333333333334,-0.0036106380016960307,-0.005277304668362698
2023-02-27,751556.9363485887,1.0,-0.05274108001744119,-0.05474108001744119
2023-02-28,775782.4739074127,1.1666666666666665,0.03456713544089274,0.032233802107559405
2023-03-01,753140.794967009,1.0,-0.02718560253928337,-0.029185602539283373
2023-03-02,757212.5318501182,0.9999999999999999,0.007406342227534852,0.005406342227534852
2023-03-03,740520.9864115516,0.8333333333333334,-0.020376742200040415,-0.02204340886670708
2023-03-06,725179.4484017704,1.1666666666666665,-0.0183838891239582,-0.02071722245729153
2023-03-07,691083.1281541276,0.9999999999999999,-0.045017769633141226,-0.04701776963314123
2023-03-08,688392.2997716756,1.333333333333333,-0.0012269725683688249,-0.003893639235035491
2023-03-09,698936.530805628,0.8333333333333334,0.016983849960915915,0.015317183294249248
2023-03-10,683486.3076344086,0.6666666666666666,-0.02077199739449509,-0.022105330727828422
2023-03-13,670984.4096051902,0.6666666666666666,-0.016958032403733725,-0.018291365737067057
2023-03-14,688968.7182506922,0.8333333333333334,0.028469537773737834,0.026802871107071167
2023-03-15,700208.6220569117,0.8333333333333333,0.017980765563286944,0.016314098896620277
2023-03-16,708444.9516769833,0.8333333333333334,0.01342934618905926,0.011762679522392593
2023-03-17,710239.0008392432,1.0,0.004532376238991051,0.002532376238991051
2023-03-20,727922.1082056166,1.0,0.0268974040364982,0.0248974040364982
2023-03-21,727148.2830258898,0.49999999999999994,-6.306041677232345e-05,-0.0010630604167723233
2023-03-22,740291.1164963341,0.8333333333333334,0.019741155429471448,0.01807448876280478
2023-03-23,729901.3823480338,0.8333333333333333,-0.012367993370148302,-0.014034660036814969
2023-03-24,739614.5218404053,0.8333333333333333,0.014974134945634857,0.01330746827896819
2023-03-27,739428.8352721689,1.0,0.0017489414245486223,-0.0002510585754513777
2023-03-28,727660.0916550008,1.0,-0.013915992257505392,-0.015915992257505392
2023-03-29,726017.2831113555,0.8333333333333334,-0.000590992592766958,-0.0022576592594336247
2023-03-30,735494.677347951,0.6666666666666666,0.014387284605650306,0.013053951272316972
2023-03-31,740248.8087226471,1.0,0.008463855580625713,0.006463855580625713
2023-04-03,726284.042902997,0.6666666666666666,-0.017531628899766893,-0.018864962233100226
2023-04-04,751899.8614560869,1.333333333333333,0.03793636425041358,0.035269697583746915
2023-04-05,736867.2413401344,0.8333333333333334,-0.01832618196458739,-0.019992848631254057
2023-04-06,731054.2649851916,1.4999999999999998,-0.00488877022728107,-0.007888770227281069
2023-04-07,730719.2084638297,1.1666666666666665,0.0018750137017958446,-0.00045831963153748854
2023-04-10,708116.0123937535,1.0,-0.028932806758418618,-0.03093280675841862
2023-04-11,692385.6428495628,1.0,-0.020214396043686245,-0.022214396043686246
2023-04-12,719433.6561652032,0.8333333333333335,0.04073162070632922,0.03906495403966255
2023-04-13,707804.292568282,1.333333333333333,-0.013497942115898795,-0.01616460878256546
2023-04-14,716164.8659425088,1.1666666666666665,0.014145317891791262,0.011811984558457929
2023-04-17,704659.2324065082,1.333333333333333,-0.013398954649255666,-0.016065621315922332
2023-04-18,706668.4331528043,0.6666666666666666,0.004184641673443083,0.0028513083401097497
2023-04-19,706536.7320187787,0.6666666666666666,0.0011469642699268147,-0.00018636906340651857
2023-04-20,714482.1373771458,1.0,0.013245565868408304,0.011245565868408304
2023-04-21,725412.0064991845,0.5,0.016297610045455047,0.015297610045455046
2023-04-24,749202.6769807427,0.8333333333333334,0.03446274705741067,0.032796080390744005
2023-04-25,764609.2260203098,0.6666666666666666,0.021897260175739744,0.02056392684240641
2023-04-26,751178.2197510318,0.49999999999999994,-0.016565843848346695,-0.017565843848346696
2023-04-27,737455.12653251,0.8333333333333334,-0.01660209147580205,-0.018268758142468717
2023-04-28,722864.4808231677,0.8333333333333334,-0.01811846355264183,-0.019785130219308496
2023-05-01,727255.2503084806,0.49999999999999994,0.007074125374527748,0.006074125374527748
2023-05-02,751227.5501765615,0.6666666666666666,0.0342960377729542,0.03296270443962087
2023-05-03,756730.595581799,0.49999999999999994,0.008325404138791532,0.007325404138791532
2023-05-04,755801.2504337099,0.6666666666666666,0.00010522764616386661,-0.0012281056871694667
2023-05-05,751956.7605490834,0.8333333333333334,-0.003419974672469017,-0.005086641339135684
2023-05-08,752634.367215077,1.0,0.002901124508141839,0.000901124508141839
2023-05-09,765584.8735527841,0.8333333333333334,0.018873569383090517,0.01720690271642385
2023-05-10,766247.4393889686,0.6666666666666666,0.002198770803525152,0.0008654374701918186
2023-05-11,762296.913549762,1.0,-0.0031556790093249312,-0.005155679009324931
2023-05-12,761446.3152958499,1.1666666666666665,0.0012174974447278037,-0.0011158358886055294
2023-05-15,747723.924422325,0.9999999999999999,-0.016021481748445126,-0.018021481748445124
2023-05-16,742123.7458142695,0.6666666666666666,-0.006156300775113831,-0.007489634108447164
2023-05-17,745085.1816055304,1.0,0.0059904878505289486,0.0039904878505289485
2023-05-18,746678.8174695416,0.49999999999999994,0.0031388639894529575,0.0021388639894529575
2023-05-19,737093.9577410858,0.8333333333333334,-0.011169990145077986,-0.012836656811744653
2023-05-22,750899.0898700609,1.0,0.020729134846366883,0.01872913484636688
2023-05-23,757019.8409369258,0.6666666666666666,0.009484563171585046,0.008151229838251712
2023-05-24,751698.0777262595,0.8333333333333335,-0.005363219371828486,-0.007029886038495153
2023-05-25,726988.6455637683,1.333333333333333,-0.030204818434415987,-0.032871485101082655
2023-05-26,719063.8738385725,0.8333333333333334,-0.009234152450047736,-0.010900819116714403
2023-05-29,733773.8900809761,1.1666666666666665,0.0227905093612113,0.020457176027877968
2023-05-30,751768.0245725077,1.0,0.0265227238728077,0.024522723872807697
2023-05-31,745073.417168833,0.3333333333333333,-0.008238483838346616,-0.008905150505013282
2023-06-01,747486.4549910623,1.0,0.005238657784085941,0.003238657784085941
2023-06-02,770218.2467664182,1.1666666666666665,0.03274430817250658,0.030410974839173245
2023-06-05,767727.8001271978,0.6666666666666666,-0.0019000964765628252,-0.0032334298098961583
2023-06-06,766002.3694344432,0.6666666666666667,-0.0009141177716919617,-0.002247451105025295
2023-06-07,781535.1072538497,0.6666666666666666,0.021610996222123886,0.020277662888790553
2023-06-08,774543.4356475628,0.6666666666666666,-0.007612741566429179,-0.008946074899762513
2023-06-09,768636.3851606624,0.6666666666666666,-0.006293160178888997,-0.00762649351222233
2023-06-12,762605.2808437058,0.6666666666666666,-0.006513165262613363,-0.007846498595946697
2023-06-13,757014.68486114,0.8333333333333334,-0.005664250287357841,-0.007330916954024508
2023-06-14,751137.814590017,0.49999999999999994,-0.006763218321452989,-0.007763218321452989
2023-06-15,734388.8657266829,1.0,-0.02029810367419175,-0.02229810367419175
2023-06-16,759406.3464772193,0.8333333333333334,0.03573238023897336,0.0340657135723067
2023-06-19,771582.6530473053,1.0,0.018033980525143486,0.016033980525143487
2023-06-20,773077.5639912814,0.8333333333333334,0.003604127207118335,0.0019374605404516682
2023-06-21,785666.6757606191,1.0,0.01828440968373468,0.01628440968373468
2023-06-22,771734.5677442512,0.6666666666666666,-0.016399515018520033,-0.017732848351853365
2023-06-23,782096.4607622965,0.9999999999999999,0.015426757658831686,0.013426757658831686
2023-06-26,790641.3662535419,0.8333333333333334,0.012592308093194523,0.010925641426527856
2023-06-27,778901.9604410424,0.49999999999999994,-0.013847952957643402,-0.014847952957643401
2023-06-28,781596.6541217793,1.1666666666666665,0.005792939057282101,0.0034596057239487683
2023-06-29,788509.8716459282,0.8333333333333334,0.010511660421043567,0.0088449937543769
2023-06-30,794402.2888678008,0.8333333333333334,0.00913951822345549,0.0074728515567888225
2023-07-03,796041.5013962585,0.8333333333333334,0.003730120601062997,0.00206345393439633
2023-07-04,794870.4361426121,0.6666666666666667,-0.00013777747130723928,-0.0014711108046405728
2023-07-05,788298.396381552,0.6666666666666666,-0.006934730821817945,-0.00826806415515128
2023-07-06,797803.604420221,0.8333333333333334,0.013724547390894534,0.012057880724227867
2023-07-07,808194.4614131416,0.49999999999999994,0.01402432946573584,0.013024329465735842
2023-07-10,807727.8437011188,0.8333333333333334,0.0010893084511613233,-0.0005773582155053434
2023-07-11,794531.4632014935,0.8333333333333333,-0.014670990382714983,-0.01633765704938165
2023-07-12,774312.4124511322,0.8333333333333333,-0.023781099327256916,-0.025447765993923583
2023-07-13,775504.1297006675,1.0,0.003539065150412281,0.0015390651504122808
2023-07-14,783562.1716268444,0.8333333333333333,0.012057381064650857,0.01039071439798419
2023-07-17,770076.7605223918,1.0,-0.015210390691084538,-0.017210390691084536
2023-07-18,762589.2623445442,0.8333333333333334,-0.008056387659460967,-0.009723054326127634
2023-07-19,752240.7098828634,0.6666666666666666,-0.012236950137305413,-0.013570283470638747
2023-07-20,748583.0612983784,1.333333333333333,-0.002195671327583323,-0.004862337994249989
2023-07-21,745649.2533602614,1.0,-0.0019191481744569314,-0.0039191481744569314
2023-07-24,755901.0609151646,1.0,0.015748833662346508,0.013748833662346508
2023-07-25,781077.4312027381,0.49999999999999994,0.03430643597337017,0.03330643597337017
2023-07-26,780530.5832560408,0.6666666666666667,0.0006332133134075617,-0.0007001200199257718
2023-07-27,772570.7355925334,1.333333333333333,-0.007531329202120924,-0.01019799586878759
2023-07-28,777942.4421551705,1.0,0.008953028784499955,0.006953028784499955
2023-07-31,820725.8430500674,1.1666666666666665,0.057328919865894834,0.0549955865325615
2023-08-01,812388.1963090607,1.0,-0.008158869507534304,-0.010158869507534304
2023-08-02,814017.2020443084,1.4999999999999998,0.005005206061152659,0.0020052060611526596
2023-08-03,803080.0758514878,0.8333333333333333,-0.011769322358323507,-0.013435989024990174
2023-08-04,800889.1273524096,0.8333333333333334,-0.0010615151983299764,-0.0027281818649966434
2023-08-07,775230.6481814025,1.0,-0.030037492200486383,-0.032037492200486385
2023-08-08,778806.3101766659,0.8333333333333334,0.006279051385526201,0.004612384718859534
2023-08-09,781559.9796454746,0.8333333333333334,0.005202423160709513,0.003535756494042846
2023-08-10,799544.7877451738,0.6666666666666666,0.024344757367426396,0.023011424034093064
2023-08-11,811254.0724953898,1.0,0.01664493913247537,0.014644939132475368
2023-08-14,812060.5015597503,1.333333333333333,0.003660719074785785,0.0009940524081191188
2023-08-15,819851.0163044898,1.1666666666666665,0.011926848508343023,0.00959351517500969
2023-08-16,831720.0653539015,0.6666666666666666,0.015810413697168107,0.014477080363834773
2023-08-17,821437.6633962723,0.49999999999999994,-0.011362815790976422,-0.01236281579097642
2023-08-18,835579.1590846654,1.0,0.019215543331583266,0.017215543331583268
2023-08-21,848528.1721174415,0.8333333333333334,0.017163717893938925,0.015497051227272258
2023-08-22,851045.6246247595,1.1666666666666665,0.005300179444094635,0.0029668461107613016
2023-08-23,883264.2568003488,1.333333333333333,0.040524369289595866,0.0378577026229292
2023-08-24,881095.367101043,0.49999999999999994,-0.0014555388521694617,-0.0024555388521694615
2023-08-25,867299.2436584095,1.0,-0.013657923032809846,-0.015657923032809846
2023-08-28,895937.0652685206,0.8333333333333333,0.03468620613877804,0.03301953947211138
2023-08-29,890609.0321321379,0.6666666666666666,-0.004613549927697729,-0.005946883261031062
2023-08-30,884155.5732797424,1.0,-0.005246118801362091,-0.0072461188013620914
2023-08-31,886969.6207057687,0.49999999999999994,0.004182751442246335,0.003182751442246335
2023-09-01,876645.9752943363,1.1666666666666665,-0.009305898913671692,-0.011639232247005025
2023-09-04,867955.5236018709,0.8333333333333334,-0.008246630077264118,-0.009913296743930785
2023-09-05,835925.9648209631,0.8333333333333334,-0.035235637552782695,-0.03690230421944936
2023-09-06,837306.7197310954,1.1666666666666665,0.003985100317779175,0.0016517669844458415
2023-09-07,859265.0925263144,1.1666666666666665,0.028558338194480278,0.026225004861146945
2023-09-08,850479.3087929117,1.0,-0.008224765104296075,-0.010224765104296075
2023-09-11,828626.713129817,0.6666666666666666,-0.024361113829773018,-0.02569444716310635
2023-09-12,825697.6835463078,0.8333333333333334,-0.00186813318602693,-0.003534799852693597
2023-09-13,817942.5412324618,1.0,-0.007392229708745571,-0.009392229708745571
2023-09-14,811920.1011274236,0.9999999999999999,-0.005362913409496571,-0.007362913409496571
2023-09-15,794761.1200136852,1.1666666666666665,-0.018800496325412107,-0.02113382965874544
2023-09-18,803049.1770022556,1.0,0.012428362409610205,0.010428362409610205
2023-09-19,797069.3608811164,1.0,-0.005446388455887076,-0.007446388455887076
2023-09-20,792333.1972860562,0.8333333333333334,-0.004275305045587485,-0.005941971712254152
2023-09-21,813322.412088713,0.6666666666666666,0.02782372257178774,0.02649038923845441
2023-09-22,804605.1679514447,1.0,-0.008718067039221584,-0.010718067039221584
2023-09-25,789868.9094846569,0.8333333333333335,-0.016648227462471223,-0.01831489412913789
2023-09-26,791710.8051007177,1.0,0.00433190038744846,0.00233190038744846
2023-09-27,807610.1328250605,1.3333333333333333,0.02274890834116324,0.020082241674496574
2023-09-28,808823.1238578311,0.8333333333333334,0.0031686178971788146,0.0015019512305121478
2023-09-29,837558.7155280904,0.6666666666666667,0.03686099175783471,0.035527658424501375
2023-10-02,827351.1358126942,1.0,-0.010187300455658372,-0.012187300455658372
2023-10-03,821469.2804942514,0.8333333333333334,-0.005442594521045525,-0.007109261187712192
2023-10-04,827976.1446895854,0.8333333333333334,0.009587674000524665,0.007921007333857998
2023-10-05,821938.4740114693,0.6666666666666667,-0.005958749556783955,-0.007292082890117289
2023-10-06,821222.9342800083,1.1666666666666665,0.0014627818819955936,-0.0008705514513377395
2023-10-09,831412.309599427,0.5,0.013407563030801038,0.012407563030801039
2023-10-10,849146.8575132855,0.6666666666666666,0.022663962804531465,0.021330629471198133
2023-10-11,851802.0633064092,0.6666666666666666,0.004460243324968233,0.0031269099916349
2023-10-12,832157.9098768677,0.6666666666666666,-0.021728542512904344,-0.023061875846237676
2023-10-13,835967.809589282,0.8333333333333334,0.006245004103822078,0.004578337437155411
2023-10-16,825526.2624538725,1.1666666666666665,-0.010157036529759262,-0.012490369863092595
2023-10-17,836447.7827953562,1.1666666666666667,0.015563100620226807,0.013229767286893474
2023-10-18,829999.5259760402,1.0,-0.005709096672796991,-0.007709096672796991
2023-10-19,819849.880297528,0.9999999999999999,-0.010228495753147104,-0.012228495753147104
2023-10-20,821914.8818322291,1.1666666666666665,0.004852089003519745,0.0025187556701864117
2023-10-23,814057.3602591706,0.9999999999999999,-0.007560018618402828,-0.009560018618402827
2023-10-24,827252.7633779899,1.0,0.018209426709953517,0.01620942670995352
2023-10-25,821335.655739417,0.8333333333333334,-0.0054860536390487855,-0.0071527203057154525
2023-10-26,839184.2507325732,1.0,0.023731182456809236,0.021731182456809238
2023-10-27,847254.8223118952,1.0,0.011617162824822648,0.009617162824822648
2023-10-30,843497.0958484019,0.6666666666666667,-0.0031018452747265286,-0.004435178608059863
2023-10-31,838106.6328822032,0.8333333333333334,-0.0047239456931504895,-0.0063906123598171565
2023-11-01,850898.4676949679,1.0,0.017262777206253983,0.015262777206253983
2023-11-02,849233.7750448886,1.0,4.360600790742457e-05,-0.0019563939920925755
2023-11-03,828727.5404043408,1.1666666666666665,-0.02181341546909603,-0.02414674880242936
2023-11-06,822825.2743211464,1.1666666666666665,-0.004788749372298303,-0.0071220827056316365
2023-11-07,817796.9524232594,0.8333333333333334,-0.004444377870748065,-0.006111044537414732
2023-11-08,833018.4302877851,1.0,0.02061278379605369,0.01861278379605369
2023-11-09,843990.4050700233,1.1666666666666665,0.01550468030875078,0.013171346975417447
2023-11-10,822611.0423139287,1.1666666666666665,-0.022997953169053762,-0.025331286502387095
2023-11-13,785341.269750528,1.0000000000000002,-0.043306676723624093,-0.045306676723624095
2023-11-14,798007.2688182634,1.333333333333333,0.018794685854756667,0.016128019188090002
2023-11-15,785089.1965245379,1.1666666666666665,-0.013854579732741176,-0.01618791306607451
2023-11-16,787879.0860433654,1.1666666666666665,0.005886928939001926,0.003553595605668593
2023-11-17,799495.0323642109,1.0,0.016743310904696603,0.014743310904696603
2023-11-20,779341.1089770137,0.8333333333333334,-0.023541649296972812,-0.02520831596363948
2023-11-21,762944.6651101554,1.333333333333333,-0.018372187408900825,-0.021038854075567492
2023-11-22,733558.1031270573,1.1666666666666665,-0.036183958060079936,-0.03851729139341327
2023-11-23,747070.2544976848,1.333333333333333,0.021086681813424615,0.01842001514675795
2023-11-24,754448.0862351456,0.8333333333333334,0.011542353314666796,0.009875686648000129
2023-11-27,752440.7830484367,0.8333333333333334,-0.0009939579983460813,-0.0026606246650127483
2023-11-28,753326.7050480177,0.8333333333333334,0.0028440643031844752,0.0011773976365178085
2023-11-29,772191.0496615424,1.0,0.027041385745540856,0.025041385745540858
2023-11-30,764121.5593634245,1.0,-0.00845012151028531,-0.01045012151028531
2023-12-01,769260.254923561,0.8333333333333334,0.008391637971516984,0.006724971304850317
2023-12-04,754601.6784736956,0.6666666666666667,-0.01772208563059315,-0.01905541896392648
2023-12-05,746377.8503949154,1.0,-0.008898237193712967,-0.010898237193712967
2023-12-06,737644.736746229,0.8333333333333333,-0.010033993587473589,-0.011700660254140256
2023-12-07,737351.8476604272,1.0,0.0016029401808061263,-0.0003970598191938737
2023-12-08,723300.7757335969,1.0,-0.01705612899922008,-0.01905612899922008
2023-12-11,724193.4468204845,1.1666666666666665,0.0035674963770300208,0.0012341630436966877
2023-12-12,700850.6086731952,0.6666666666666666,-0.030899543461912815,-0.03223287679524615
2023-12-13,677418.4691592081,1.1666666666666667,-0.031100524359031875,-0.03343385769236521
2023-12-14,675748.3351586462,1.0,-0.00046543912898452076,-0.002465439128984521
2023-12-15,670202.548917354,0.8333333333333334,-0.006540214434994121,-0.008206881101660788
2023-12-18,689496.6353687352,1.0,0.030788440871418524,0.028788440871418526
2023-12-19,667249.3698237299,1.1666666666666665,-0.029932618962587174,-0.03226595229592051
2023-12-20,677412.0322478388,1.333333333333333,0.017897347853812175,0.015230681187145509
2023-12-21,677512.9533180966,0.9999999999999999,0.002148980333170237,0.00014898033317023744
2023-12-22,688670.0349490013,1.1666666666666665,0.018801035649965565,0.01646770231663223
2023-12-25,688682.3251978831,1.4999999999999996,0.0030178463534900057,1.7846353490006545e-05
2023-12-26,676226.220729889,1.1666666666666665,-0.015753531992294054,-0.018086865325627387
2023-12-27,666094.4946098761,0.8333333333333334,-0.013316079948921736,-0.014982746615588403
2023-12-28,659674.2516154421,1.1666666666666665,-0.007305303596392811,-0.009638636929726144
2023-12-29,654627.4007055068,1.0,-0.00565051977938554,-0.00765051977938554
2024-01-01,660900.4828849871,1.1666666666666665,0.011916009177209991,0.009582675843876658
2024-01-02,650805.8865871242,0.8333333333333334,-0.01360733684714166,-0.015274003513808327
2024-01-03,668083.3838743396,1.0,0.028547850354918948,0.026547850354918946
2024-01-04,663680.092364839,0.6666666666666666,-0.005257597702797323,-0.006590931036130656
2024-01-05,657282.1958471702,1.0,-0.007640030778792347,-0.009640030778792347
2024-01-08,651052.3918785594,0.8333333333333334,-0.007811460092238246,-0.009478126758904913
2024-01-09,635055.4436562528,0.8333333333333333,-0.022904241023494233,-0.0245709076901609
2024-01-10,612056.9018248107,1.1666666666666665,-0.03388168074328164,-0.036215014076614975
2024-01-11,633039.1692899723,1.1666666666666665,0.036614896702040246,0.03428156336870691
2024-01-12,644251.965570876,0.6666666666666667,0.019045975496503553,0.01771264216317022
2024-01-15,633863.698960816,0.49999999999999994,-0.015124540032803651,-0.016124540032803652
2024-01-16,636276.0059558139,0.6666666666666666,0.00513905213211093,0.0038057187987775966
2024-01-17,630366.0271923717,1.1666666666666665,-0.006955055208938134,-0.009288388542271467
2024-01-18,618908.6095807889,0.3333333333333333,-0.01750915042584659,-0.018175817092513258
2024-01-19,613012.5141933607,0.9999999999999999,-0.007526601013713309,-0.009526601013713309
2024-01-22,615863.9086536528,0.8333333333333334,0.006318112427189455,0.004651445760522788
2024-01-23,594791.9644723999,0.8333333333333334,-0.03254859401863393,-0.03421526068530059
2024-01-24,601747.35254841,1.1666666666666665,0.014027149812813942,0.011693816479480609
2024-01-25,581652.099439285,1.1666666666666665,-0.031061500933940556,-0.03339483426727389
2024-01-26,580309.5984663577,1.1666666666666667,2.5250934556631617e-05,-0.002308082398776702
2024-01-29,577797.1000970841,0.8333333333333334,-0.002662915983549099,-0.004329582650215766
2024-01-30,571152.9555060018,0.8333333333333334,-0.009832429798105908,-0.011499096464772575
2024-01-31,564404.4955500594,1.0,-0.009815503869648651,-0.011815503869648651
2024-02-01,557376.9642476373,0.6666666666666667,-0.011117898642721686,-0.01245123197605502
2024-02-02,576352.6056035544,0.8333333333333334,0.035711204875257696,0.03404453820859103
2024-02-05,581374.2132853508,0.8333333333333334,0.010379401948808374,0.008712735282141707
2024-02-06,573587.232913126,0.6666666666666666,-0.012060759824360204,-0.013394093157693538
2024-02-07,571604.3686410267,0.8333333333333334,-0.001790286623644258,-0.003456953290310925
2024-02-08,576246.8136000086,1.0,0.010121780052205024,0.008121780052205024
2024-02-09,587780.2996669941,0.8333333333333334,0.021681503703130156,0.02001483703646349
2024-02-12,578896.6392778977,1.333333333333333,-0.01244724646402092,-0.015113913130687585
2024-02-13,602470.6162115654,1.0,0.04272225563975203,0.04072225563975203
2024-02-14,609021.9955587947,0.8333333333333334,0.012540855665999828,0.010874188999333161
2024-02-15,609590.7317505961,1.1666666666666665,0.0032671849773608158,0.0009338516440274827
2024-02-16,618035.8164367966,1.1666666666666665,0.016187029340075872,0.01385369600674254
2024-02-19,632052.1887815141,1.0,0.024678899785334437,0.02267889978533444
2024-02-20,637894.935276224,0.8333333333333334,0.010910755364427276,0.009244088697760609
2024-02-21,621666.1643866512,0.9999999999999999,-0.023441134569512318,-0.025441134569512316
2024-02-22,625217.8850343926,1.333333333333333,0.008379894844760502,0.005713228178093836
2024-02-23,616824.7506665236,1.1666666666666665,-0.011091001716530657,-0.01342433504986399
2024-02-26,616655.7633697836,0.8333333333333334,0.0013927034436322181,-0.00027396322303444866
2024-02-27,610437.6874291259,1.1666666666666665,-0.0077502113442975435,-0.010083544677630877
2024-02-28,613339.8449551606,1.1666666666666665,0.007087557369298853,0.00475422403596552
2024-02-29,620425.1948143027,0.8333333333333335,0.013218744878151776,0.01155207821148511
2024-03-01,627668.5707868901,0.8333333333333334,0.013341524543377151,0.011674857876710484
2024-03-04,623489.707804106,1.1666666666666665,-0.0043244207382864275,-0.006657754071619761
2024-03-05,627617.9155914295,1.4999999999999998,0.009621132210606568,0.006621132210606569
2024-03-06,629998.0755462523,0.6666666666666666,0.005125704289761446,0.0037923709564281127
2024-03-07,630920.0662226022,1.1666666666666665,0.003796815067861484,0.001463481734528151
2024-03-08,633136.5084424177,1.0,0.005513031742809593,0.003513031742809593
2024-03-11,654096.5203342658,1.0,0.035105043876575356,0.033105043876575355
2024-03-12,654526.1608132519,1.333333333333333,0.003323512354771836,0.0006568456881051697
2024-03-13,651921.3623407381,0.6666666666666666,-0.0026463371954615553,-0.003979670528794888
2024-03-14,661244.5586980459,1.333333333333333,0.016967772437817663,0.014301105771150997
2024-03-15,643174.3036469896,1.0,-0.025327642720623045,-0.027327642720623047
2024-03-18,644622.033706805,1.1666666666666667,0.0045842473571153786,0.002250914023782045
2024-03-19,641497.1094614138,1.1666666666666665,-0.002514351173232177,-0.00484768450656551
2024-03-20,653606.2116285424,1.333333333333333,0.021542982691371927,0.018876316024705263
2024-03-21,661669.774962099,1.0,0.01433703595543445,0.01233703595543445
2024-03-22,671711.9710446001,1.0,0.017177051245957697,0.015177051245957697
2024-03-25,664322.3291718126,1.1666666666666665,-0.008667872825454706,-0.01100120615878804
2024-03-26,663389.4733759509,1.0,0.0005957783520168132,-0.0014042216479831868
2024-03-27,663743.3270674567,0.8333333333333334,0.0022000692992181973,0.0005334026325515306
2024-03-28,657216.9562144624,1.0,-0.007832672641439647,-0.009832672641439647
2024-03-29,662389.3383587135,1.0,0.009870128875012185,0.007870128875012185
2024-04-01,658587.4687812112,1.1666666666666665,-0.0034062964543724026,-0.005739629787705735
2024-04-02,671742.2657515345,1.1666666666666665,0.022307592780856256,0.019974259447522923
2024-04-03,693975.358879925,1.1666666666666665,0.03543098739194242,0.03309765405860909
2024-04-04,689339.4517461009,0.49999999999999994,-0.005680218648262147,-0.006680218648262147
2024-04-05,687683.2244626242,1.1666666666666665,-6.92961393909589e-05,-0.002402629472724292
2024-04-08,686403.8198938399,1.1666666666666665,0.0004728770603392718,-0.0018604562729940613
2024-04-09,685948.6020845267,1.0,0.0013368075816016691,-0.0006631924183983309
2024-04-10,679527.1279926879,1.0,-0.00736145080305528,-0.009361450803055279
2024-04-11,687516.886816426,0.6666666666666666,0.013091155051709286,0.011757821718375952
2024-04-12,674202.4960752479,0.8333333333333334,-0.017699244188019193,-0.01936591085468586
2024-04-15,677811.7671674315,1.1666666666666665,0.00768672658416573,0.005353393250832397
2024-04-16,675625.4534150036,1.0,-0.0012255470594211277,-0.003225547059421128
2024-04-17,675008.1625839885,1.0,0.0010863416588364028,-0.0009136583411635973
2024-04-18,663302.2431127549,1.333333333333333,-0.014675226543072293,-0.01734189320973896
2024-04-19,663370.5444398706,0.8333333333333334,0.0017696383177124475,0.00010297165104578075
2024-04-22,650562.5464053397,0.6666666666666666,-0.01797412332400975,-0.019307456657343083
2024-04-23,642674.8342542194,1.1666666666666665,-0.009791115260738984,-0.012124448594072317
2024-04-24,662813.1731491145,0.8333333333333334,0.03300185799754285,0.031335191330876186
2024-04-25,669099.0558615942,0.6666666666666667,0.010816975130334193,0.009483641797000859
2024-04-26,667954.793082452,0.8333333333333335,-4.348785995829862e-05,-0.0017101545266249656
2024-04-29,649285.8135981305,0.8333333333333334,-0.026282798892475052,-0.02794946555914172
2024-04-30,646524.9120926448,1.0,-0.002252212889398622,-0.0042522128893986225
2024-05-01,642036.1155701265,1.0,-0.004942959874491597,-0.0069429598744915975
2024-05-02,653598.4386578371,0.9999999999999999,0.02000883596313474,0.018008835963134743
2024-05-03,650047.7754022985,0.6666666666666667,-0.0040991509651755464,-0.00543248429850888
2024-05-06,651451.2079347043,1.0,0.004158968287426566,0.002158968287426566
2024-05-07,623340.6726598196,1.1666666666666665,-0.04081730470754692,-0.043150638040880256
2024-05-08,632724.5638609735,1.6666666666666665,0.018387526991373283,0.01505419365803995
2024-05-09,621367.13078734,0.9999999999999999,-0.01595004291334745,-0.01795004291334745
2024-05-10,621115.2227507557,1.0,0.001594590662906457,-0.000405409337093543
2024-05-13,616744.7975955325,0.8333333333333334,-0.00536974943640008,-0.007036416103066747
2024-05-14,611387.5091898937,0.6666666666666666,-0.007353060822766395,-0.008686394156099729
2024-05-15,604688.5046054743,1.1666666666666665,-0.008623718427988631,-0.010957051761321964
2024-05-16,585924.7663187787,1.0,-0.029030420032439466,-0.031030420032439464
2024-05-17,609009.974266509,0.9999999999999999,0.04139961113569053,0.03939961113569053
2024-05-20,618661.3282025489,0.6666666666666666,0.017180945595618592,0.01584761226228526
2024-05-21,613355.1718859965,1.1666666666666665,-0.00624350196356301,-0.008576835296896342
2024-05-22,626343.8756067816,1.0,0.023176480310496572,0.02117648031049657
2024-05-23,618011.3289513111,0.6666666666666666,-0.011970136182351206,-0.01330346951568454
2024-05-24,606913.9513203747,1.0,-0.01595659255918047,-0.017956592559180473
2024-05-27,607424.7602895825,1.0,0.0028416497397967984,0.0008416497397967983
2024-05-28,617613.5850779505,1.0,0.018773805505574986,0.016773805505574987
2024-05-29,630537.1418799064,0.6666666666666666,0.02225832124519226,0.020924987911858928
2024-05-30,637220.4935695529,0.6666666666666666,0.011932790915991419,0.010599457582658085
2024-05-31,635708.5792044866,0.8333333333333334,-0.0007060039870923056,-0.0023726706537589726
2024-06-03,627659.9481667242,0.8333333333333334,-0.010994214908715362,-0.012660881575382029
2024-06-04,631730.7640468809,0.8333333333333335,0.00815236946170191,0.006485702795035244
2024-06-05,634612.8369010377,0.8333333333333334,0.0062288520440167945,0.0045621853773501276
2024-06-06,637518.217286097,0.8333333333333334,0.00624486019840642,0.004578193531739753
2024-06-07,654122.1314383863,0.6666666666666666,0.027377944612006745,0.026044611278673413
2024-06-10,650941.5570566554,0.9999999999999999,-0.0028623555584902705,-0.00486235555849027
2024-06-11,651167.2818466994,1.1666666666666665,0.0026800999325725288,0.0003467665992391957
2024-06-12,645715.7507273471,0.8333333333333334,-0.006705269810073872,-0.00837193647674054
2024-06-13,649827.0037417966,0.8333333333333334,0.008033636978012664,0.006366970311345997
2024-06-14,654467.8764830336,0.6666666666666666,0.008475038301754594,0.007141704968421261
2024-06-17,654192.7471133482,0.49999999999999994,0.0005796136379314656,-0.00042038636206853425
2024-06-18,661888.6033049286,1.333333333333333,0.014430563814011421,0.011763897147344755
2024-06-19,672663.0213003396,0.8333333333333334,0.017944961747760946,0.01627829508109428
2024-06-20,664793.3741564864,1.0,-0.009699241514183887,-0.011699241514183887
2024-06-21,676182.2842276767,0.8333333333333334,0.018798170249476758,0.01713150358281009
2024-06-24,671940.3431782167,0.49999999999999994,-0.005273369102393767,-0.006273369102393767
2024-06-25,671568.5103278306,0.8333333333333334,0.0011132948470384814,-0.0005533718196281854
2024-06-26,652152.1822550793,1.0,-0.026911909617788773,-0.02891190961778877
2024-06-27,661493.9175614188,1.0,0.01632447143554231,0.01432447143554231
2024-06-28,656696.7224998685,1.1666666666666665,-0.004918728906687134,-0.007252062240020467
2024-07-01,661991.1595382794,0.8333333333333334,0.009728892130890527,0.00806222546422386
2024-07-02,663517.6775386535,0.6666666666666667,0.0036392825569435683,0.0023059492236102348
2024-07-03,680219.2879741582,0.8333333333333334,0.026837978601353802,0.025171311934687135
2024-07-04,673293.1165890333,1.0,-0.008182262554995358,-0.010182262554995358
2024-07-05,676830.9419534566,1.0,0.007254509926295281,0.005254509926295281
2024-07-08,671413.2289447937,1.0,-0.006004529156167745,-0.008004529156167745
2024-07-09,675122.335680008,1.0,0.007524327754226362,0.005524327754226362
2024-07-10,682150.8643187566,0.6666666666666666,0.011744081530056977,0.010410748196723644
2024-07-11,678927.4572132784,0.6666666666666667,-0.0033920247569145063,-0.004725358090247839
2024-07-12,656394.7005340174,1.0,-0.031188754468332688,-0.033188754468332686
2024-07-15,659824.9921939932,0.49999999999999994,0.006225958797633583,0.005225958797633583
2024-07-16,678482.7407854311,0.6666666666666666,0.0296101473554861,0.028276814022152767
2024-07-17,687266.7625541241,0.8333333333333334,0.01461323293970736,0.012946566273040694
2024-07-18,690690.5589425284,0.6666666666666667,0.0063150908908794125,0.004981757557546079
2024-07-19,692401.1502474837,0.6666666666666666,0.003809972521183611,0.002476639187850278
2024-07-22,717057.9449389797,0.6666666666666666,0.03694389620239106,0.03561056286905773
2024-07-23,709511.5777634676,1.0,-0.008524068840983706,-0.010524068840983706
2024-07-24,720348.2909535577,0.6666666666666667,0.01660681657126687,0.015273483237933537
2024-07-25,721037.4350523886,0.6666666666666666,0.00229001513224277,0.0009566817989094367
2024-07-26,715171.0705571517,0.8333333333333334,-0.006469338775007362,-0.008136005441674029
2024-07-29,715031.4939279999,1.1666666666666665,0.0021381679597632553,-0.00019516537357007783
2024-07-30,737773.8267475496,0.8333333333333334,0.03347272417976388,0.031806057513097216
2024-07-31,728993.0224770603,0.6666666666666666,-0.010568422939587263,-0.011901756272920597
2024-08-01,735243.0943512673,1.0,0.010573568856626045,0.008573568856626045
2024-08-02,730231.9143355637,0.6666666666666666,-0.005482344439370049,-0.006815677772703382
2024-08-05,744401.9839515354,0.6666666666666666,0.020738222845544087,0.019404889512210755
2024-08-06,718497.4860491396,0.6666666666666667,-0.03346573821788157,-0.0347990715512149
2024-08-07,708295.4361786848,0.6666666666666666,-0.01286581150509014,-0.014199144838423473
2024-08-08,706439.8690797066,0.49999999999999994,-0.001619764302010902,-0.0026197643020109017
2024-08-09,707980.5816184886,0.6666666666666667,0.0035142868811407837,0.0021809535478074502
2024-08-12,689056.0051791766,1.0,-0.024730360875222436,-0.026730360875222438
2024-08-13,693070.2568541536,0.49999999999999994,0.006825726275955012,0.005825726275955012
2024-08-14,692387.1988872705,0.6666666666666666,0.00034777961763432616,-0.0009855537156990071
2024-08-15,680833.4314381743,1.1666666666666665,-0.014353525504704331,-0.016686858838037666
2024-08-16,679267.2279247013,0.8333333333333334,-0.0006337543190723482,-0.002300420985739015
2024-08-19,677903.9606371756,0.8333333333333334,-0.0003403008881950318,-0.0020069675548616984
2024-08-20,673627.7743571165,1.0,-0.004307952937817087,-0.006307952937817087
2024-08-21,687240.0107236516,1.0,0.022207356176081158,0.02020735617608116
2024-08-22,686701.0412063437,1.0,0.001215747760756241,-0.000784252239243759
2024-08-23,688317.8345867731,0.5,0.003354435603576623,0.002354435603576623
2024-08-26,699909.0989509093,1.0,0.018839988420603564,0.016839988420603566
2024-08-27,696428.6959325904,1.0,-0.002972650053465032,-0.004972650053465032
2024-08-28,713868.7389250215,0.6666666666666667,0.02637544187120318,0.025042108537869846
2024-08-29,710481.8498222157,1.0,-0.0027444143693781875,-0.0047444143693781875
2024-08-30,710083.6229489942,0.8333333333333334,0.001106164138247122,-0.0005605025284195447
2024-09-02,714208.279895478,0.8333333333333333,0.007475358506867166,0.005808691840200499
2024-09-03,739569.1340211498,0.6666666666666666,0.036842378579046854,0.03550904524571352
2024-09-04,751274.800840887,1.1666666666666665,0.018161017698812062,0.01582768436547873
2024-09-05,765847.8124267731,0.6666666666666667,0.020731044489856743,0.01939771115652341
2024-09-06,765234.3592370704,0.5,0.00019898812825640006,-0.0008010118717436
2024-09-09,775657.9629508222,0.8333333333333334,0.015288119477729751,0.013621452811063084
2024-09-10,778031.1983044264,1.0,0.0050596415778106545,0.0030596415778106545
2024-09-11,753526.267186034,0.8333333333333334,-0.029829411089336306,-0.03149607775600297
2024-09-12,773497.3137758699,1.1666666666666665,0.02883678445311418,0.026503451119780846
2024-09-13,774660.0560360987,0.6666666666666666,0.0028365606096542404,0.0015032272763209071
2024-09-16,758610.9913245797,1.0,-0.018717558090759697,-0.020717558090759695
2024-09-17,774678.0289455957,0.8333333333333334,0.022846214293523584,0.021179547626856917
2024-09-18,773973.5102893146,0.6666666666666666,0.0004238991813926643,-0.000909434151940669
2024-09-19,773081.1209040792,0.49999999999999994,-0.0001529973227401009,-0.0011529973227401007
2024-09-20,772154.9540688439,0.8333333333333334,0.0004686464199011478,-0.001198020246765519
2024-09-23,747475.4386934416,0.9999999999999999,-0.029961868852041253,-0.031961868852041254
2024-09-24,739160.9029897507,1.0,-0.009123490182131395,-0.011123490182131395
2024-09-25,716144.0571518972,0.8333333333333334,-0.029472488211188974,-0.03113915487785564
2024-09-26,716596.9880355148,1.1666666666666665,0.0029657911176217415,0.0006324577842884084
2024-09-27,710057.4444447105,1.0,-0.007125831813404499,-0.0091258318134045
2024-09-30,709392.7091883867,1.4999999999999998,0.0020638289035281865,-0.0009361710964718131
2024-10-01,706661.177800678,1.0,-0.0018505208079087783,-0.0038505208079087786
2024-10-02,708527.7098999833,1.0,0.004641339524430318,0.002641339524430318
2024-10-03,715295.0852199793,1.1666666666666665,0.011884653945693378,0.009551320612360045
2024-10-04,725688.9527972129,0.6666666666666666,0.01586421407332494,0.014530880739991607
2024-10-07,715286.3588966684,0.8333333333333334,-0.012668116659504996,-0.014334783326171663
2024-10-08,710225.0363121079,1.0,-0.005075938918180402,-0.007075938918180402
2024-10-09,703948.7393606122,0.8333333333333334,-0.007170387267795879,-0.008837053934462545
2024-10-10,711615.6857633123,0.6666666666666666,0.012224675236528999,0.010891341903195665
2024-10-11,702258.7684312686,0.6666666666666666,-0.011815501802315756,-0.01314883513564909
2024-10-14,696068.6610514255,0.49999999999999994,-0.007814567589765843,-0.008814567589765843
2024-10-15,693291.192825784,1.0,-0.0019902216276281104,-0.0039902216276281105
2024-10-16,697765.8009697632,0.8333333333333334,0.008120820693549838,0.006454154026883171
2024-10-17,726323.686628901,0.6666666666666667,0.04226094202302229,0.040927608689688956
2024-10-18,728258.2646923746,0.6666666666666666,0.003996853880835333,0.0026635205475020003
2024-10-21,746798.1782636284,0.6666666666666667,0.026791216161597815,0.025457882828264482
2024-10-22,776403.8061261538,0.8333333333333334,0.0413100786676989,0.03964341200103224
2024-10-23,785210.1349028492,0.6666666666666667,0.012675792897814876,0.011342459564481542
2024-10-24,791004.4489222275,0.6666666666666667,0.008712649724983425,0.007379316391650091
2024-10-25,792160.3253921432,0.8333333333333334,0.0031279434919622845,0.0014612768252956177
2024-10-28,785328.0183208137,1.0,-0.0066249043941293256,-0.008624904394129326
2024-10-29,787786.8772422145,1.0,0.005130996047560289,0.0031309960475602886
2024-10-30,823772.5754363594,0.8333333333333334,0.04734615084406135,0.04567948417739469
2024-10-31,838707.2069979766,0.49999999999999994,0.01912955663607311,0.01812955663607311
2024-11-01,855403.6213850512,0.8333333333333334,0.021573988611397324,0.019907321944730657
2024-11-04,863877.1871167046,1.1666666666666665,0.01223926021955964,0.009905926886226307
2024-11-05,869497.4801261354,0.8333333333333333,0.008172560204831557,0.00650589353816489
2024-11-06,873957.3476389927,0.6666666666666667,0.006462580530473288,0.005129247197139954
2024-11-07,895943.7666007372,0.8333333333333333,0.02682398014556934,0.02515731347890267
2024-11-08,873537.2130317325,1.1666666666666665,-0.02267555048759721,-0.02500888382093054
2024-11-11,880771.4938540946,1.1666666666666665,0.010614927654031565,0.008281594320698232
2024-11-12,893784.5345938088,0.8333333333333334,0.016441260111751323,0.014774593445084656
2024-11-13,891356.3732969152,0.49999999999999994,-0.0017167188543905105,-0.0027167188543905105
2024-11-14,888489.6071159983,0.6666666666666666,-0.0018828507506076792,-0.0032161840839410125
2024-11-15,877742.0307734942,0.49999999999999994,-0.011096457016971003,-0.012096457016971002
2024-11-18,870561.1627826052,0.3333333333333333,-0.007514402188565214,-0.00818106885523188
2024-11-19,874035.8988300113,0.6666666666666667,0.0053247083176017175,0.0039913749842683845
2024-11-20,859965.1086600877,0.49999999999999994,-0.015098641015499254,-0.016098641015499255
2024-11-21,863459.8738340233,0.8333333333333334,0.00573051197706631,0.004063845310399643
2024-11-22,861230.5032272789,0.49999999999999994,-0.0015819041212016647,-0.0025819041212016645
2024-11-25,839534.2421799554,0.8333333333333335,-0.023525498457561318,-0.025192165124227985
2024-11-26,853857.0083505202,0.8333333333333334,0.018727038300078526,0.01706037163341186
2024-11-27,836271.1694570694,0.8333333333333334,-0.018929099042890602,-0.02059576570955727
2024-11-28,849629.3802158403,1.0,0.017973539740038385,0.015973539740038387
2024-11-29,853969.9002857407,0.49999999999999994,0.006108721721461414,0.005108721721461414
2024-12-02,866879.8177235766,0.6666666666666666,0.016450865501055047,0.015117532167721713
2024-12-03,870425.8405864411,0.8333333333333334,0.005757225461974954,0.004090558795308287
2024-12-04,883205.8595534387,0.6666666666666667,0.016015823639902393,0.01468249030656906
2024-12-05,878268.3377554319,0.5,-0.004590454076587834,-0.005590454076587834
2024-12-06,884277.3002361946,1.1666666666666665,0.009175163127766858,0.006841829794433525
2024-12-09,897148.4961725824,1.1666666666666665,0.01688894381089486,0.014555610477561529
2024-12-10,920314.8599322278,0.8333333333333334,0.027488884346880942,0.025822217680214275
2024-12-11,939778.0463011486,0.8333333333333334,0.022815066215875476,0.02114839954920881
2024-12-12,933576.1160583206,0.6666666666666666,-0.005266023043672962,-0.006599356377006295
2024-12-13,959345.7589880731,0.6666666666666667,0.02893648479200091,0.02760315145866758
2024-12-16,942715.345220168,0.6666666666666666,-0.016001828272474983,-0.017335161605808315
2024-12-17,954447.8233591053,0.6666666666666666,0.013778742436329598,0.012445409102996264
2024-12-18,952733.5184088767,1.0,0.00020387777280987305,-0.001796122227190127
2024-12-19,946745.3010874535,0.6666666666666666,-0.004951968071222962,-0.006285301404556295
2024-12-20,918285.0213100911,0.6666666666666666,-0.0287278454701656,-0.03006117880349893
2024-12-23,925190.8970683196,0.8333333333333333,0.00918707220303938,0.007520405536372713
2024-12-24,953287.4206405825,0.6666666666666666,0.03170168613629887,0.030368352802965536
2024-12-25,947431.4471579333,0.49999999999999994,-0.005142925371567575,-0.006142925371567575
2024-12-26,939908.8065681262,0.49999999999999994,-0.006940036835776523,-0.007940036835776522
2024-12-27,916895.9930455659,0.49999999999999994,-0.02348409182012734,-0.02448409182012734
2024-12-30,939325.0938371038,0.8333333333333334,0.02612865686147307,0.024461990194806403
2024-12-31,927631.0290510425,0.8333333333333333,-0.010782766296197677,-0.012449432962864344
2025-01-01,899466.2506059093,0.6666666666666667,-0.02902871532942597,-0.0303620486627593
2025-01-02,903384.6318112673,0.6666666666666666,0.005689673777145023,0.00435634044381169
2025-01-03,903082.8474522625,0.3333333333333333,0.0003326070110360997,-0.0003340596556305669
2025-01-06,886361.6710974064,0.8333333333333334,-0.01684899488313377,-0.018515661549800437
2025-01-07,908246.1517399743,0.6666666666666667,0.02602357136615866,0.02469023803282533
2025-01-08,898326.7623774599,0.49999999999999994,-0.009921476896446324,-0.010921476896446323
2025-01-09,897508.9638770153,0.6666666666666666,0.00042297583905104297,-0.0009103574942822903
2025-01-10,895867.922262744,0.8333333333333334,-0.00016177369473361703,-0.0018284403614002838
2025-01-13,904710.4692729196,0.8333333333333334,0.01153703571374831,0.009870369047081643
2025-01-14,914353.9584225934,0.8333333333333334,0.012325865910181475,0.010659199243514808
2025-01-15,924263.6615586763,0.49999999999999994,0.011837928840138453,0.010837928840138454
2025-01-16,918407.3149253039,1.1666666666666665,-0.00400289611822413,-0.006336229451557463
2025-01-17,883913.0337981828,0.8333333333333334,-0.03589213819751998,-0.03755880486418664
2025-01-20,878086.4051332062,1.4999999999999998,-0.003591857391150274,-0.006591857391150273
2025-01-21,901981.4848260221,0.8333333333333334,0.02887934135691091,0.027212674690244243
2025-01-22,918757.2701633606,1.1666666666666665,0.020932146745311776,0.018598813411978443
2025-01-23,912714.2873785925,0.5,-0.00557734418111718,-0.00657734418111718
2025-01-24,902845.5932541399,1.1666666666666665,-0.008479134775165894,-0.010812468108499227
2025-01-27,905358.8152552947,1.0,0.004783667572764309,0.002783667572764309
2025-01-28,922750.4770671745,1.0,0.021209689593595888,0.01920968959359589
2025-01-29,929780.137652227,0.6666666666666666,0.008951493128162381,0.007618159794829048
2025-01-30,904458.325864529,0.6666666666666667,-0.025900859743362904,-0.027234193076696236
2025-01-31,880941.2561641461,1.0,-0.02400127504813902,-0.026001275048139018
2025-02-03,896697.1835595566,0.8333333333333334,0.01955199929828392,0.017885332631617252
2025-02-04,919351.7736327094,0.8333333333333334,0.026931148911634097,0.02526448224496743
2025-02-05,920683.4985972787,1.0,0.0034485477732938037,0.0014485477732938037
2025-02-06,913766.2121883861,0.8333333333333334,-0.005846541096295935,-0.007513207762962602
2025-02-07,909293.7609581627,0.8333333333333334,-0.0032278579618073185,-0.0048945246284739855
2025-02-10,895511.1456953634,0.6666666666666666,-0.01382416125705732,-0.015157494590390654
2025-02-11,893342.8650541626,0.6666666666666666,-0.0010879437793229764,-0.00242127711265631
2025-02-12,908013.0993381537,1.0,0.01842172883207804,0.016421728832078042
2025-02-13,896408.1525737095,0.49999999999999994,-0.011780593994627388,-0.012780593994627387
2025-02-14,905602.4795921374,1.333333333333333,0.012923520078842602,0.010256853412175936
2025-02-17,902720.4160766664,0.6666666666666666,-0.0018491485838639469,-0.00318248191719728
2025-02-18,898883.6579990926,1.0,-0.0022502174640613632,-0.004250217464061363
2025-02-19,871502.6624844455,1.0,-0.02846111170337321,-0.030461111703373213
2025-02-20,873340.9171284639,0.8333333333333334,0.003775959871552548,0.0021092932048858816
2025-02-21,870906.9980561257,0.6666666666666667,-0.0014535727014151805,-0.002786906034748514
2025-02-24,882518.5213828345,0.6666666666666666,0.014666012198729797,0.013332678865396463
2025-02-25,882552.8443396699,0.6666666666666667,0.001372225386025475,3.8892052692141455e-05
2025-02-26,890897.6434210234,0.6666666666666666,0.010788630129296912,0.009455296795963578
2025-02-27,902416.7381392719,0.8333333333333334,0.01459642891636285,0.012929762249696183
2025-02-28,906960.632243114,0.6666666666666666,0.006368583580587636,0.005035250247254303
2025-03-03,912339.5234310831,1.0,0.007930677690679714,0.005930677690679714
2025-03-04,906738.1802808774,0.8333333333333334,-0.0044728713083410625,-0.0061395379750077295
2025-03-05,943921.4436059016,0.5,0.04200771770028037,0.04100771770028037
2025-03-06,967120.5762092622,0.5,0.025577397579545393,0.02457739757954539
2025-03-07,951176.2968857645,0.49999999999999994,-0.015486340706339993,-0.016486340706339992
2025-03-10,961800.3297285821,1.1666666666666665,0.01350269581387627,0.011169362480542937
2025-03-11,971245.3880790342,1.0,0.01182018622630069,0.00982018622630069
2025-03-12,958298.2222563429,1.0,-0.011330478560416763,-0.013330478560416763
2025-03-13,965395.8292406555,0.8333333333333333,0.00907313661461373,0.0074064699479470635
2025-03-14,983521.5958474572,1.1666666666666665,0.021108809731505238,0.018775476398171904
2025-03-17,996782.4577996957,0.8333333333333334,0.015149707616888273,0.013483040950221606
2025-03-18,1017055.175970211,1.1666666666666665,0.02267149038243062,0.020338157049097288
2025-03-19,1048324.3794516008,1.0,0.03274484474410233,0.03074484474410233
2025-03-20,1056902.6313464695,0.8333333333333334,0.009849488761633385,0.008182822094966718
2025-03-21,1041585.5435566367,0.6666666666666666,-0.013159097033993206,-0.01449243036732654
2025-03-24,1027074.9749985419,1.0,-0.011931230754745815,-0.013931230754745816
2025-03-25,1033591.1807215379,0.8333333333333333,0.008011097094450467,0.0063444304277837996
2025-03-26,1007020.190921077,0.8333333333333334,-0.02404077965839975,-0.025707446325066417
2025-03-27,1004617.1052148688,1.0,-0.0003863331916018626,-0.002386333191601863
2025-03-28,1002466.0191886585,0.8333333333333334,-0.00047453321440664095,-0.002141199881073308
2025-03-31,1024392.650884289,0.8333333333333334,0.023539359881122726,0.02187269321445606
2025-04-01,1005260.055594638,0.6666666666666666,-0.017343680088360992,-0.018677013421694325
2025-04-02,988519.4111086382,0.8333333333333334,-0.01498638185827176,-0.016653048524938426
2025-04-03,987102.0808236274,0.8333333333333333,0.00023287561604760573,-0.0014337910506190608
2025-04-04,1005770.4212041505,0.6666666666666666,0.02024560263474795,0.018912269301414618
2025-04-07,986764.0447025112,0.6666666666666666,-0.017563997609133814,-0.018897330942467146
2025-04-08,989832.1884211238,1.1666666666666665,0.005442631584606341,0.0031092982512730075
2025-04-09,959993.1965807436,0.8333333333333334,-0.02847883899523366,-0.030145505661900326
2025-04-10,942941.885451299,1.1666666666666665,-0.015428574969951722,-0.017761908303285057
2025-04-11,962608.2619107545,1.333333333333333,0.023523070187274987,0.020856403520608323
2025-04-14,988404.2962585639,0.49999999999999994,0.02779806040372519,0.02679806040372519
2025-04-15,972321.6830013081,0.6666666666666666,-0.014937956985955791,-0.016271290319289124
2025-04-16,968213.9525102058,1.0,-0.002224662025866574,-0.004224662025866574
2025-04-17,954290.5447864514,0.6666666666666666,-0.013047173875488038,-0.014380507208821372
2025-04-18,965234.9060911809,0.49999999999999994,0.012468584032946149,0.01146858403294615
2025-04-21,967910.5547851431,0.6666666666666666,0.004105351499147147,0.0027720181658138143
2025-04-22,942461.5508597807,0.9999999999999999,-0.02429272281364004,-0.02629272281364004
2025-04-23,949287.6293827676,0.6666666666666667,0.00857615243482298,0.007242819101489646
2025-04-24,968206.8619933877,0.49999999999999994,0.02092992642590478,0.01992992642590478
2025-04-25,985538.242403761,0.8333333333333334,0.019567159929739196,0.01790049326307253
2025-04-28,1029925.1831661972,0.6666666666666666,0.04637160668757152,0.04503827335423819
2025-04-29,1008098.2446620318,0.8333333333333334,-0.019526075156642324,-0.02119274182330899
2025-04-30,1015118.4280946131,0.6666666666666666,0.00829712229909522,0.0069637889657618865
2025-05-01,1008076.0263864013,0.6666666666666666,-0.00560418401765254,-0.006937517350985873
2025-05-02,977515.1226098894,1.0,-0.02831607039209342,-0.03031607039209342
2025-05-05,983941.3931499621,0.6666666666666666,0.007907421438400213,0.00657408810506688
2025-05-06,968704.4853600725,0.8333333333333334,-0.013818918039868157,-0.015485584706534824
2025-05-07,1001006.748926938,0.6666666666666666,0.03467917208503346,0.03334583875170013
2025-05-08,1010219.3941770339,0.49999999999999994,0.010203379757400823,0.009203379757400824
2025-05-09,996206.0585171245,0.8333333333333334,-0.012204909884608355,-0.013871576551275022
2025-05-12,990401.068043674,0.6666666666666666,-0.00449376480948597,-0.005827098142819303
2025-05-13,998695.9065549801,1.0,0.010375231791390174,0.008375231791390174
2025-05-14,1003082.7970944796,0.8333333333333334,0.006059285591712685,0.004392618925046018
2025-05-15,998476.5897119885,0.8333333333333334,-0.002925384354279357,-0.004592051020946024
2025-05-16,982542.4768408336,0.6666666666666666,-0.01462509076527385,-0.015958424098607184
2025-05-19,992870.1138234623,0.8333333333333333,0.012177802038477884,0.010511135371811217
2025-05-20,998889.4459010868,0.6666666666666667,0.007395890755315324,0.006062557421981991
2025-05-21,1001192.9982150038,0.8333333333333334,0.0039727800442477985,0.0023061133775811316
2025-05-22,1019258.0347854954,0.8333333333333334,0.019710177361107542,0.018043510694440875
2025-05-23,1031581.217026451,1.0,0.014090345938307122,0.012090345938307122
2025-05-26,1031858.4180854694,1.1666666666666665,0.0026020480544265787,0.00026871472109324564
2025-05-27,1037988.4612449998,0.8333333333333334,0.007607445994613826,0.005940779327947159
2025-05-28,1033163.9785287174,0.6666666666666667,-0.003314582222968391,-0.004647915556301724
2025-05-29,1019003.9181075761,0.6666666666666666,-0.012372197168519854,-0.013705530501853188
2025-05-30,1033129.3653199483,1.0,0.015862014621695526,0.013862014621695526
2025-06-02,1025311.9342697227,0.8333333333333334,-0.0059000827769567134,-0.0075667494436233804
2025-06-03,1023107.0046862294,0.8333333333333334,-0.0004838296942907619,-0.002150496360957429
2025-06-04,1045515.1295030493,1.0,0.02390203440518153,0.021902034405181528
2025-06-05,1076243.5310986694,0.8333333333333334,0.03105734761283914,0.029390680946172473
2025-06-06,1104552.5156382911,0.6666666666666666,0.02763684524454812,0.02630351191121479
2025-06-09,1106983.4752499089,0.6666666666666667,0.0035341880479803725,0.002200854714647039
2025-06-10,1108270.3856289012,0.8333333333333334,0.0028292046880239808,0.001162538021357314
2025-06-11,1131434.7075525403,0.6666666666666666,0.022234660504043987,0.020901327170710655
2025-06-12,1164731.326772902,0.49999999999999994,0.03042867051726473,0.029428670517264728
2025-06-13,1174285.3710034662,0.5,0.009202788068760551,0.008202788068760552
2025-06-16,1165968.6489630041,0.8333333333333334,-0.005415702104865452,-0.007082368771532119
2025-06-17,1151121.8401667739,0.6666666666666666,-0.011400121214895458,-0.012733454548228792
2025-06-18,1172485.7967943158,1.0,0.02055924879719654,0.01855924879719654
2025-06-19,1162981.6025626597,0.6666666666666667,-0.006772687445461221,-0.008106020778794555
2025-06-20,1172874.4611832174,0.49999999999999994,0.009506461838053593,0.008506461838053593
2025-06-23,1182266.254241585,0.6666666666666666,0.009340834024322103,0.008007500690988769
2025-06-24,1142208.4856789906,0.6666666666666667,-0.03254885557198328,-0.033882188905316614
2025-06-25,1121452.7088000171,1.1666666666666665,-0.015838285192714574,-0.018171618526047907
2025-06-26,1096548.4219537526,1.0,-0.02020716633955325,-0.022207166339553247
2025-06-27,1104876.5043547251,0.6666666666666666,0.00892814833122846,0.007594814997895127
2025-06-30,1103397.7399223077,0.6666666666666666,-5.0646021726059864e-06,-0.0013383979355059393
2025-07-01,1099106.328944445,0.16666666666666666,-0.003555935986871021,-0.0038892693202043547
2025-07-02,1118197.00994567,0.6666666666666666,0.01870260916996617,0.01736927583663284
2025-07-03,1094206.593902297,0.6666666666666667,-0.020121218798351048,-0.02145455213168438
2025-07-04,1105423.7230938794,1.1666666666666665,0.012584714794651697,0.010251381461318364
2025-07-07,1095181.5211165221,0.6666666666666667,-0.007932074820465948,-0.009265408153799282
2025-07-08,1076955.68529129,0.49999999999999994,-0.015641840164223247,-0.016641840164223248
2025-07-09,1065333.7467164416,0.6666666666666667,-0.009458140014713491,-0.010791473348046825
2025-07-10,1077096.6111977592,0.6666666666666666,0.012374816359261184,0.01104148302592785
2025-07-11,1081733.2846883773,0.3333333333333333,0.004971455524429345,0.004304788857762678
2025-07-14,1052804.4809190056,0.6666666666666666,-0.025409676407469235,-0.026743009740802567
2025-07-15,1077153.5227592753,1.0,0.025127790849650628,0.02312779084965063
2025-07-16,1100000.9401416616,0.5,0.022210920170283217,0.021210920170283216
2025-07-17,1122337.90474406,0.5,0.021306314101442382,0.02030631410144238
2025-07-18,1139776.0905180706,0.49999999999999994,0.016537375776314978,0.015537375776314978
2025-07-21,1147633.5748695133,1.1666666666666665,0.009227217506558121,0.006893884173224788
2025-07-22,1143875.1582550777,0.49999999999999994,-0.0022749273781598562,-0.0032749273781598563
2025-07-23,1139463.4980312935,0.8333333333333334,-0.002190100561772895,-0.003856767228439562
2025-07-24,1165739.3445785043,0.6666666666666666,0.024393173857061155,0.023059840523727823
2025-07-25,1159292.831424358,0.3333333333333333,-0.004863311526251822,-0.005529978192918489
2025-07-28,1159284.1832305011,0.8333333333333334,0.0016592067793779943,-7.4598872886724645e-06
2025-07-29,1170015.459053849,0.6666666666666667,0.010590145406317752,0.009256812072984419
2025-07-30,1148811.9713839146,0.3333333333333333,-0.01745573291861824,-0.018122399585284905
2025-07-31,1150861.0025056484,0.3333333333333333,0.0024502754492819645,0.001783608782615298
2025-08-01,1130566.773882952,0.3333333333333333,-0.0169672861551875,-0.017633952821854166
2025-08-04,1131964.3582252131,0.49999999999999994,0.002236180272184341,0.0012361802721843412
2025-08-05,1123107.1342465233,0.3333333333333333,-0.007157982505659724,-0.00782464917232639
2025-08-06,1139120.61923627,0.6666666666666666,0.01559153230781507,0.014258198974481736
2025-08-07,1131587.846010741,0.3333333333333333,-0.005946130168298145,-0.006612796834964812
2025-08-08,1114067.94729292,0.5,-0.014482579438781654,-0.015482579438781653
2025-08-11,1130733.6632133333,1.0,0.016959335255007996,0.014959335255007996
2025-08-12,1124368.4338227503,1.1666666666666665,-0.0032959581591425926,-0.005629291492475926
2025-08-13,1108534.5843182507,0.3333333333333333,-0.013415771996846996,-0.014082438663513662
2025-08-14,1091194.6001803412,0.3333333333333333,-0.014975591484957567,-0.015642258151624233
2025-08-15,1063673.813565374,1.0,-0.023220787025906093,-0.02522078702590609
2025-08-18,1081448.2065046015,0.6666666666666666,0.01804371269263035,0.016710379359297017
2025-08-19,1033045.5836286705,0.6666666666666666,-0.04342389367467595,-0.044757227008009284
2025-08-20,1003761.8743031909,0.5,-0.02734696724864534,-0.02834696724864534
2025-08-21,1027577.1930086144,0.6666666666666666,0.025059397567398868,0.023726064234065536
2025-08-22,1035725.6683100994,0.49999999999999994,0.008929793846073359,0.00792979384607336
2025-08-25,1050547.7879104868,0.3333333333333333,0.014977521417009143,0.014310854750342477
2025-08-26,1079482.725191939,0.6666666666666667,0.028876047348278894,0.02754271401494556
2025-08-27,1078900.127725053,0.49999999999999994,0.00046029940703099827,-0.0005397005929690015
2025-08-28,1085507.7121985692,0.6666666666666667,0.0074577041659225785,0.006124370832589245
2025-08-29,1080605.873233806,1.0,-0.00251571086016056,-0.00451571086016056
2025-09-01,1096075.176263216,0.49999999999999994,0.015315397882408984,0.014315397882408985
2025-09-02,1135626.780657219,0.3333333333333333,0.036751421846365144,0.036084755179698474
2025-09-03,1124310.2176279486,0.6666666666666666,-0.008631703791558419,-0.009965037124891753
2025-09-04,1144415.0756719648,0.6666666666666666,0.019215282397563167,0.017881949064229834
2025-09-05,1141318.3540749475,0.3333333333333333,-0.0020392760134391903,-0.002705942680105857
2025-09-08,1114044.4446441478,0.3333333333333333,-0.023230179759592327,-0.023896846426258993
2025-09-09,1132560.5360104914,0.6666666666666666,0.01795393716593733,0.016620603832603997
2025-09-10,1142925.7893955356,1.1666666666666665,0.011485385745080363,0.00915205241174703
2025-09-11,1163512.976197737,0.6666666666666667,0.019346039839054436,0.018012706505721104
2025-09-12,1150369.881544514,0.16666666666666666,-0.010962711422586313,-0.011296044755919646
2025-09-15,1135767.965704839,0.49999999999999994,-0.011693235518362467,-0.012693235518362466
2025-09-16,1134042.6024562407,0.49999999999999994,-0.0005191159644370256,-0.0015191159644370254
2025-09-17,1107433.5117878409,0.8333333333333333,-0.02179725841936338,-0.023463925086030048
2025-09-18,1099921.1638139803,0.49999999999999994,-0.005783565689404375,-0.006783565689404375
2025-09-19,1077591.1634121237,0.6666666666666666,-0.018968122022273493,-0.020301455355606825
